epoch;accuracy;loss;val_accuracy;val_loss
0;0.639375;0.6515543386524956;0.7496262788772583;0.5531073630513926
